,MKTDEPTH_EVENT_TYPE,MKTDEPTH_EVENT_SUBTYPE,ID_BB_SEC_NUM_SRC,FEED_SOURCE,EID,MD_TABLE_CMD_RT,MD_BOOK_TYPE,MBO_WINDOW_SIZE,MD_BOOK_SUBTYPE,MD_PRICE_DISPLAY_FORMAT_TYPE_RT,MD_PRICE_DISPLAY_MIN_NUM_DECIMALS_RT,MD_PRICE_DISPLAY_MAX_NUM_DECIMALS_RT,MD_CURRENCY_RT,MD_QUOTED_CURRENCY_REALTIME,MD_ROUND_LOT_SIZE_RT,cid,MBL_WINDOW_SIZE,MBO_SEQNUM_RT,MD_MULTI_TICK_UPD_RT,MBL_ASK_POSITION_RT,MBL_ASK_RT,MBL_ASK_COND_CODE_RT,MBL_ASK_NUM_ORDERS_RT,MBL_ASK_SIZE_RT,MBL_TIME_RT,MBO_ASK_POSITION_RT,MBO_ASK_RT,MBO_ASK_BROKER_RT,MBO_ASK_COND_CODE_RT,MBO_ASK_SIZE_RT,MBO_TIME_RT,MBO_BID_POSITION_RT,MBO_BID_RT,MBO_BID_BROKER_RT,MBO_BID_COND_CODE_RT,MBO_BID_SIZE_RT,MBL_BID_POSITION_RT,MBL_BID_RT,MBL_BID_COND_CODE_RT,MBL_BID_NUM_ORDERS_RT,MBL_BID_SIZE_RT,MBO_ORDER_ID_RT
0,MARKET_BY_ORDER,TABLE_INITPAINT,730145003912.0,HK,14112,REPLACE,TOP-RBP,40.0,TOPBROKER,DECIMAL,2.0,3.0,HKD,HKD,2000.0,970 HK Equity.type=TOP,,,,,,,,,,,,,,,,,,,,,,,,,,
1,MARKET_BY_LEVEL,TABLE_INITPAINT,730145003912.0,HK,14112,REPLACE,MBL-RBP,,CLOB,DECIMAL,2.0,3.0,HKD,HKD,2000.0,970 HK Equity.type=MBL,10.0,,,,,,,,,,,,,,,,,,,,,,,,,
2,MARKET_BY_ORDER,TABLE_INITPAINT,730145003912.0,HK,53714,ADD,MBO-AMD,1000.0,CLOB,DECIMAL,2.0,3.0,HKD,HKD,2000.0,970 HK Equity.type=MBO,,4.0,,,,,,,,,,,,,,,,,,,,,,,,
3,MARKET_BY_LEVEL,ASK,,,14112,REPLACE,,,,,,,,,,970 HK Equity.type=MBL,,,0.0,1.0,1.0,,1.0,10000.0,2023-06-23 01:00:10.256000,,,,,,,,,,,,,,,,,
4,MARKET_BY_ORDER,ASK,,,14112,REPLACE,,,,,,,,,,970 HK Equity.type=TOP,,,,,,,,,,1.0,1.0, 298,,0.0,2023-06-23 01:00:10,,,,,,,,,,,
5,MARKET_BY_ORDER,BID,,,14112,REPLACE,,,,,,,,,,970 HK Equity.type=TOP,,,,,,,,,,,,,,,2023-06-23 01:02:14,1.0,0.8199999928474426,8305,,0.0,,,,,,
6,MARKET_BY_LEVEL,BID,,,14112,REPLACE,,,,,,,,,,970 HK Equity.type=MBL,,,0.0,,,,,,2023-06-23 01:02:14.385000,,,,,,,,,,,,1.0,0.8199999928474426,,1.0,2000.0,
7,MARKET_BY_LEVEL,BID,,,14112,REPLACE,,,,,,,,,,970 HK Equity.type=MBL,,,1.0,,,,,,2023-06-23 01:18:38.292000,,,,,,,,,,,,1.0,0.8299999833106995,,1.0,2000.0,
8,MARKET_BY_LEVEL,BID,,,14112,REPLACE,,,,,,,,,,970 HK Equity.type=MBL,,,0.0,,,,,,2023-06-23 01:18:38.292000,,,,,,,,,,,,2.0,0.8199999928474426,,1.0,2000.0,
9,MARKET_BY_ORDER,BID,,,14112,REPLACE,,,,,,,,,,970 HK Equity.type=TOP,,,,,,,,,,,,,,,2023-06-23 01:18:38,1.0,0.8299999833106995,5256,,0.0,,,,,,
10,MARKET_BY_ORDER,BID,,,14112,REPLACE,,,,,,,,,,970 HK Equity.type=TOP,,,,,,,,,,,,,,,2023-06-23 01:18:38,2.0,0.8199999928474426,8305,,0.0,,,,,,
11,MARKET_BY_ORDER,ASK,,,53714,ADD,,,,,,,,,,970 HK Equity.type=MBO,,5.0,,,,,,,,1.0,1.0,,,10000.0,2023-06-23 01:20:28.829000,,,,,,,,,,,2487554
12,MARKET_BY_ORDER,BID,,,53714,ADD,,,,,,,,,,970 HK Equity.type=MBO,,6.0,,,,,,,,,,,,,2023-06-23 01:20:28.829000,1.0,0.8299999833106995,,,2000.0,,,,,,10010370
13,MARKET_BY_ORDER,BID,,,53714,ADD,,,,,,,,,,970 HK Equity.type=MBO,,7.0,,,,,,,,,,,,,2023-06-23 01:20:28.829000,2.0,0.8199999928474426,,,2000.0,,,,,,7506178
14,MARKET_BY_LEVEL,BID,,,14112,REPLACE,,,,,,,,,,970 HK Equity.type=MBL,,,1.0,,,,,,2023-06-23 01:30:31.344000,,,,,,,,,,,,1.0,0.8399999737739563,,1.0,2000.0,
15,MARKET_BY_LEVEL,BID,,,14112,REPLACE,,,,,,,,,,970 HK Equity.type=MBL,,,1.0,,,,,,2023-06-23 01:30:31.344000,,,,,,,,,,,,2.0,0.8299999833106995,,1.0,2000.0,
16,MARKET_BY_LEVEL,BID,,,14112,REPLACE,,,,,,,,,,970 HK Equity.type=MBL,,,0.0,,,,,,2023-06-23 01:30:31.344000,,,,,,,,,,,,3.0,0.8199999928474426,,1.0,2000.0,
17,MARKET_BY_ORDER,BID,,,53714,ADD,,,,,,,,,,970 HK Equity.type=MBO,,8.0,,,,,,,,,,,,,2023-06-23 01:30:31.344000,1.0,0.8399999737739563,,,2000.0,,,,,,27474434
18,MARKET_BY_ORDER,BID,,,14112,REPLACE,,,,,,,,,,970 HK Equity.type=TOP,,,,,,,,,,,,,,,2023-06-23 01:30:31,1.0,0.8399999737739563,3646,,0.0,,,,,,
19,MARKET_BY_ORDER,BID,,,14112,REPLACE,,,,,,,,,,970 HK Equity.type=TOP,,,,,,,,,,,,,,,2023-06-23 01:30:31,2.0,0.8299999833106995,5256,,0.0,,,,,,
20,MARKET_BY_ORDER,BID,,,14112,REPLACE,,,,,,,,,,970 HK Equity.type=TOP,,,,,,,,,,,,,,,2023-06-23 01:30:31,3.0,0.8199999928474426,8305,,0.0,,,,,,
21,MARKET_BY_LEVEL,BID,,,14112,REPLACE,,,,,,,,,,970 HK Equity.type=MBL,,,1.0,,,,,,2023-06-23 01:30:42.908000,,,,,,,,,,,,2.0,0.8199999928474426,,1.0,2000.0,
22,MARKET_BY_LEVEL,BID,,,14112,REPLACE_CLEAR,,,,,,,,,,970 HK Equity.type=MBL,,,0.0,,,,,,2023-06-23 01:30:42.908000,,,,,,,,,,,,3.0,0.0,,0.0,0.0,
23,MARKET_BY_LEVEL,BID,,,14112,REPLACE,,,,,,,,,,970 HK Equity.type=MBL,,,0.0,,,,,,2023-06-23 01:30:42.908000,,,,,,,,,,,,1.0,0.8399999737739563,,2.0,4000.0,
24,MARKET_BY_LEVEL,BID,,,14112,REPLACE,,,,,,,,,,970 HK Equity.type=MBL,,,0.0,,,,,,2023-06-23 01:30:42.909000,,,,,,,,,,,,1.0,0.8399999737739563,,1.0,2000.0,
25,MARKET_BY_LEVEL,BID,,,14112,REPLACE,,,,,,,,,,970 HK Equity.type=MBL,,,1.0,,,,,,2023-06-23 01:30:42.909000,,,,,,,,,,,,2.0,0.8299999833106995,,1.0,2000.0,
26,MARKET_BY_LEVEL,BID,,,14112,REPLACE,,,,,,,,,,970 HK Equity.type=MBL,,,0.0,,,,,,2023-06-23 01:30:42.909000,,,,,,,,,,,,3.0,0.8199999928474426,,1.0,2000.0,
27,MARKET_BY_LEVEL,BID,,,14112,REPLACE,,,,,,,,,,970 HK Equity.type=MBL,,,1.0,,,,,,2023-06-23 01:30:42.910000,,,,,,,,,,,,2.0,0.8199999928474426,,1.0,2000.0,
28,MARKET_BY_LEVEL,BID,,,14112,REPLACE_CLEAR,,,,,,,,,,970 HK Equity.type=MBL,,,0.0,,,,,,2023-06-23 01:30:42.910000,,,,,,,,,,,,3.0,0.0,,0.0,0.0,
29,MARKET_BY_LEVEL,BID,,,14112,REPLACE,,,,,,,,,,970 HK Equity.type=MBL,,,1.0,,,,,,2023-06-23 01:30:42.910000,,,,,,,,,,,,1.0,0.8500000238418579,,1.0,2000.0,
30,MARKET_BY_LEVEL,BID,,,14112,REPLACE,,,,,,,,,,970 HK Equity.type=MBL,,,1.0,,,,,,2023-06-23 01:30:42.910000,,,,,,,,,,,,2.0,0.8399999737739563,,1.0,2000.0,
31,MARKET_BY_LEVEL,BID,,,14112,REPLACE,,,,,,,,,,970 HK Equity.type=MBL,,,0.0,,,,,,2023-06-23 01:30:42.910000,,,,,,,,,,,,3.0,0.8199999928474426,,1.0,2000.0,
32,MARKET_BY_LEVEL,BID,,,14112,REPLACE,,,,,,,,,,970 HK Equity.type=MBL,,,1.0,,,,,,2023-06-23 01:30:42.910000,,,,,,,,,,,,1.0,0.8399999737739563,,1.0,2000.0,
33,MARKET_BY_LEVEL,BID,,,14112,REPLACE,,,,,,,,,,970 HK Equity.type=MBL,,,1.0,,,,,,2023-06-23 01:30:42.910000,,,,,,,,,,,,2.0,0.8199999928474426,,1.0,2000.0,
34,MARKET_BY_LEVEL,BID,,,14112,REPLACE_CLEAR,,,,,,,,,,970 HK Equity.type=MBL,,,0.0,,,,,,2023-06-23 01:30:42.910000,,,,,,,,,,,,3.0,0.0,,0.0,0.0,
35,MARKET_BY_LEVEL,BID,,,14112,REPLACE,,,,,,,,,,970 HK Equity.type=MBL,,,1.0,,,,,,2023-06-23 01:30:42.910000,,,,,,,,,,,,2.0,0.8299999833106995,,1.0,2000.0,
36,MARKET_BY_LEVEL,BID,,,14112,REPLACE,,,,,,,,,,970 HK Equity.type=MBL,,,0.0,,,,,,2023-06-23 01:30:42.910000,,,,,,,,,,,,3.0,0.8199999928474426,,1.0,2000.0,
37,MARKET_BY_ORDER,BID,,,53714,DEL,,,,,,,,,,970 HK Equity.type=MBO,,9.0,,,,,,,,,,,,,2023-06-23 01:30:42.908000,2.0,0.8299999833106995,,,2000.0,,,,,,10010370
38,MARKET_BY_ORDER,BID,,,53714,ADD,,,,,,,,,,970 HK Equity.type=MBO,,10.0,,,,,,,,,,,,,2023-06-23 01:30:42.908000,2.0,0.8399999737739563,,,2000.0,,,,,,33633026
39,MARKET_BY_ORDER,BID,,,53714,DEL,,,,,,,,,,970 HK Equity.type=MBO,,11.0,,,,,,,,,,,,,2023-06-23 01:30:42.909000,1.0,0.8399999737739563,,,2000.0,,,,,,27474434
40,MARKET_BY_ORDER,BID,,,53714,ADD,,,,,,,,,,970 HK Equity.type=MBO,,12.0,,,,,,,,,,,,,2023-06-23 01:30:42.909000,2.0,0.8299999833106995,,,2000.0,,,,,,33633282
41,MARKET_BY_ORDER,BID,,,53714,DEL,,,,,,,,,,970 HK Equity.type=MBO,,13.0,,,,,,,,,,,,,2023-06-23 01:30:42.910000,2.0,0.8299999833106995,,,2000.0,,,,,,33633282
42,MARKET_BY_ORDER,BID,,,53714,ADD,,,,,,,,,,970 HK Equity.type=MBO,,14.0,,,,,,,,,,,,,2023-06-23 01:30:42.910000,1.0,0.8500000238418579,,,2000.0,,,,,,33633538
43,MARKET_BY_ORDER,BID,,,53714,DEL,,,,,,,,,,970 HK Equity.type=MBO,,15.0,,,,,,,,,,,,,2023-06-23 01:30:42.910000,1.0,0.8500000238418579,,,2000.0,,,,,,33633538
44,MARKET_BY_ORDER,BID,,,53714,ADD,,,,,,,,,,970 HK Equity.type=MBO,,16.0,,,,,,,,,,,,,2023-06-23 01:30:42.910000,2.0,0.8299999833106995,,,2000.0,,,,,,33633794
45,MARKET_BY_ORDER,BID,,,14112,REPLACE,,,,,,,,,,970 HK Equity.type=TOP,,,,,,,,,,,,,,,2023-06-23 01:30:42,1.0,0.8399999737739563,5256,,0.0,,,,,,
46,MARKET_BY_ORDER,BID,,,14112,REPLACE,,,,,,,,,,970 HK Equity.type=TOP,,,,,,,,,,,,,,,2023-06-23 01:30:42,2.0,0.8299999833106995,3646,,0.0,,,,,,
47,MARKET_BY_LEVEL,BID,,,14112,REPLACE,,,,,,,,,,970 HK Equity.type=MBL,,,1.0,,,,,,2023-06-23 01:30:42.960000,,,,,,,,,,,,2.0,0.8199999928474426,,1.0,2000.0,
48,MARKET_BY_LEVEL,BID,,,14112,REPLACE_CLEAR,,,,,,,,,,970 HK Equity.type=MBL,,,0.0,,,,,,2023-06-23 01:30:42.960000,,,,,,,,,,,,3.0,0.0,,0.0,0.0,
49,MARKET_BY_LEVEL,BID,,,14112,REPLACE,,,,,,,,,,970 HK Equity.type=MBL,,,1.0,,,,,,2023-06-23 01:30:42.960000,,,,,,,,,,,,1.0,0.8500000238418579,,1.0,2000.0,
50,MARKET_BY_LEVEL,BID,,,14112,REPLACE,,,,,,,,,,970 HK Equity.type=MBL,,,1.0,,,,,,2023-06-23 01:30:42.960000,,,,,,,,,,,,2.0,0.8399999737739563,,1.0,2000.0,
51,MARKET_BY_LEVEL,BID,,,14112,REPLACE,,,,,,,,,,970 HK Equity.type=MBL,,,0.0,,,,,,2023-06-23 01:30:42.960000,,,,,,,,,,,,3.0,0.8199999928474426,,1.0,2000.0,
52,MARKET_BY_ORDER,BID,,,14112,REPLACE,,,,,,,,,,970 HK Equity.type=TOP,,,,,,,,,,,,,,,2023-06-23 01:30:42,1.0,0.8500000238418579,3646,,0.0,,,,,,
53,MARKET_BY_ORDER,BID,,,14112,REPLACE,,,,,,,,,,970 HK Equity.type=TOP,,,,,,,,,,,,,,,2023-06-23 01:30:42,2.0,0.8399999737739563,5256,,0.0,,,,,,
54,MARKET_BY_ORDER,BID,,,53714,DEL,,,,,,,,,,970 HK Equity.type=MBO,,17.0,,,,,,,,,,,,,2023-06-23 01:30:42.960000,2.0,0.8299999833106995,,,2000.0,,,,,,33633794
55,MARKET_BY_ORDER,BID,,,53714,ADD,,,,,,,,,,970 HK Equity.type=MBO,,18.0,,,,,,,,,,,,,2023-06-23 01:30:42.960000,1.0,0.8500000238418579,,,2000.0,,,,,,33655042
56,MARKET_BY_LEVEL,BID,,,14112,REPLACE,,,,,,,,,,970 HK Equity.type=MBL,,,1.0,,,,,,2023-06-23 01:30:43.727000,,,,,,,,,,,,2.0,0.8199999928474426,,1.0,2000.0,
57,MARKET_BY_LEVEL,BID,,,14112,REPLACE_CLEAR,,,,,,,,,,970 HK Equity.type=MBL,,,0.0,,,,,,2023-06-23 01:30:43.727000,,,,,,,,,,,,3.0,0.0,,0.0,0.0,
58,MARKET_BY_LEVEL,BID,,,14112,REPLACE,,,,,,,,,,970 HK Equity.type=MBL,,,1.0,,,,,,2023-06-23 01:30:43.727000,,,,,,,,,,,,2.0,0.8299999833106995,,1.0,2000.0,
59,MARKET_BY_LEVEL,BID,,,14112,REPLACE,,,,,,,,,,970 HK Equity.type=MBL,,,0.0,,,,,,2023-06-23 01:30:43.727000,,,,,,,,,,,,3.0,0.8199999928474426,,1.0,2000.0,
60,MARKET_BY_ORDER,BID,,,53714,DEL,,,,,,,,,,970 HK Equity.type=MBO,,19.0,,,,,,,,,,,,,2023-06-23 01:30:43.727000,2.0,0.8399999737739563,,,2000.0,,,,,,33633026
61,MARKET_BY_ORDER,BID,,,53714,ADD,,,,,,,,,,970 HK Equity.type=MBO,,20.0,,,,,,,,,,,,,2023-06-23 01:30:43.727000,2.0,0.8299999833106995,,,2000.0,,,,,,34017538
62,MARKET_BY_ORDER,BID,,,14112,REPLACE,,,,,,,,,,970 HK Equity.type=TOP,,,,,,,,,,,,,,,2023-06-23 01:30:43,2.0,0.8299999833106995,5256,,0.0,,,,,,
63,MARKET_BY_ORDER,BID,,,53714,DEL,,,,,,,,,,970 HK Equity.type=MBO,,21.0,,,,,,,,,,,,,2023-06-23 01:30:44.844000,1.0,0.8500000238418579,,,2000.0,,,,,,33655042
64,MARKET_BY_ORDER,BID,,,53714,ADD,,,,,,,,,,970 HK Equity.type=MBO,,22.0,,,,,,,,,,,,,2023-06-23 01:30:44.844000,1.0,0.8399999737739563,,,2000.0,,,,,,34641922
65,MARKET_BY_ORDER,BID,,,14112,REPLACE,,,,,,,,,,970 HK Equity.type=TOP,,,,,,,,,,,,,,,2023-06-23 01:30:44,1.0,0.8399999737739563,3646,,0.0,,,,,,
66,MARKET_BY_LEVEL,BID,,,14112,REPLACE,,,,,,,,,,970 HK Equity.type=MBL,,,1.0,,,,,,2023-06-23 01:30:44.844000,,,,,,,,,,,,1.0,0.8299999833106995,,1.0,2000.0,
67,MARKET_BY_LEVEL,BID,,,14112,REPLACE,,,,,,,,,,970 HK Equity.type=MBL,,,1.0,,,,,,2023-06-23 01:30:44.844000,,,,,,,,,,,,2.0,0.8199999928474426,,1.0,2000.0,
68,MARKET_BY_LEVEL,BID,,,14112,REPLACE_CLEAR,,,,,,,,,,970 HK Equity.type=MBL,,,0.0,,,,,,2023-06-23 01:30:44.844000,,,,,,,,,,,,3.0,0.0,,0.0,0.0,
69,MARKET_BY_LEVEL,BID,,,14112,REPLACE,,,,,,,,,,970 HK Equity.type=MBL,,,1.0,,,,,,2023-06-23 01:30:44.844000,,,,,,,,,,,,1.0,0.8399999737739563,,1.0,2000.0,
70,MARKET_BY_LEVEL,BID,,,14112,REPLACE,,,,,,,,,,970 HK Equity.type=MBL,,,1.0,,,,,,2023-06-23 01:30:44.844000,,,,,,,,,,,,2.0,0.8299999833106995,,1.0,2000.0,
71,MARKET_BY_LEVEL,BID,,,14112,REPLACE,,,,,,,,,,970 HK Equity.type=MBL,,,0.0,,,,,,2023-06-23 01:30:44.844000,,,,,,,,,,,,3.0,0.8199999928474426,,1.0,2000.0,
72,MARKET_BY_ORDER,BID,,,53714,ADD,,,,,,,,,,970 HK Equity.type=MBO,,23.0,,,,,,,,,,,,,2023-06-23 01:31:12.019000,4.0,0.6600000262260437,,,10000.0,,,,,,45646594
73,MARKET_BY_ORDER,BID,,,14112,REPLACE,,,,,,,,,,970 HK Equity.type=TOP,,,,,,,,,,,,,,,2023-06-23 01:31:12,4.0,0.6600000262260437,1836,,0.0,,,,,,
74,MARKET_BY_ORDER,BID,,,53714,DEL,,,,,,,,,,970 HK Equity.type=MBO,,24.0,,,,,,,,,,,,,2023-06-23 01:31:22.344000,1.0,0.8399999737739563,,,2000.0,,,,,,34641922
75,MARKET_BY_ORDER,BID,,,53714,ADD,,,,,,,,,,970 HK Equity.type=MBO,,25.0,,,,,,,,,,,,,2023-06-23 01:31:22.344000,1.0,0.8399999737739563,,,4000.0,,,,,,49535746
76,MARKET_BY_LEVEL,BID,,,14112,REPLACE,,,,,,,,,,970 HK Equity.type=MBL,,,1.0,,,,,,2023-06-23 01:31:22.344000,,,,,,,,,,,,1.0,0.8299999833106995,,1.0,2000.0,
77,MARKET_BY_LEVEL,BID,,,14112,REPLACE,,,,,,,,,,970 HK Equity.type=MBL,,,1.0,,,,,,2023-06-23 01:31:22.344000,,,,,,,,,,,,2.0,0.8199999928474426,,1.0,2000.0,
78,MARKET_BY_LEVEL,BID,,,14112,REPLACE_CLEAR,,,,,,,,,,970 HK Equity.type=MBL,,,0.0,,,,,,2023-06-23 01:31:22.344000,,,,,,,,,,,,3.0,0.0,,0.0,0.0,
79,MARKET_BY_LEVEL,BID,,,14112,REPLACE,,,,,,,,,,970 HK Equity.type=MBL,,,1.0,,,,,,2023-06-23 01:31:22.344000,,,,,,,,,,,,1.0,0.8399999737739563,,1.0,4000.0,
80,MARKET_BY_LEVEL,BID,,,14112,REPLACE,,,,,,,,,,970 HK Equity.type=MBL,,,1.0,,,,,,2023-06-23 01:31:22.344000,,,,,,,,,,,,2.0,0.8299999833106995,,1.0,2000.0,
81,MARKET_BY_LEVEL,BID,,,14112,REPLACE,,,,,,,,,,970 HK Equity.type=MBL,,,0.0,,,,,,2023-06-23 01:31:22.344000,,,,,,,,,,,,3.0,0.8199999928474426,,1.0,2000.0,
82,MARKET_BY_ORDER,BID,,,53714,DEL,,,,,,,,,,970 HK Equity.type=MBO,,26.0,,,,,,,,,,,,,2023-06-23 01:32:28.801000,2.0,0.8299999833106995,,,2000.0,,,,,,34017538
83,MARKET_BY_ORDER,BID,,,53714,ADD,,,,,,,,,,970 HK Equity.type=MBO,,27.0,,,,,,,,,,,,,2023-06-23 01:32:28.801000,2.0,0.8399999737739563,,,2000.0,,,,,,73135618
84,MARKET_BY_ORDER,BID,,,53714,DEL,,,,,,,,,,970 HK Equity.type=MBO,,28.0,,,,,,,,,,,,,2023-06-23 01:32:28.801000,1.0,0.8399999737739563,,,4000.0,,,,,,49535746
85,MARKET_BY_ORDER,BID,,,53714,ADD,,,,,,,,,,970 HK Equity.type=MBO,,29.0,,,,,,,,,,,,,2023-06-23 01:32:28.801000,2.0,0.8299999833106995,,,4000.0,,,,,,73136130
86,MARKET_BY_ORDER,BID,,,53714,DEL,,,,,,,,,,970 HK Equity.type=MBO,,30.0,,,,,,,,,,,,,2023-06-23 01:32:28.802000,2.0,0.8299999833106995,,,4000.0,,,,,,73136130
87,MARKET_BY_ORDER,BID,,,53714,ADD,,,,,,,,,,970 HK Equity.type=MBO,,31.0,,,,,,,,,,,,,2023-06-23 01:32:28.802000,1.0,0.8500000238418579,,,4000.0,,,,,,73136386
88,MARKET_BY_LEVEL,BID,,,14112,REPLACE,,,,,,,,,,970 HK Equity.type=MBL,,,1.0,,,,,,2023-06-23 01:32:28.801000,,,,,,,,,,,,2.0,0.8199999928474426,,1.0,2000.0,
89,MARKET_BY_LEVEL,BID,,,14112,REPLACE_CLEAR,,,,,,,,,,970 HK Equity.type=MBL,,,0.0,,,,,,2023-06-23 01:32:28.801000,,,,,,,,,,,,3.0,0.0,,0.0,0.0,
90,MARKET_BY_LEVEL,BID,,,14112,REPLACE,,,,,,,,,,970 HK Equity.type=MBL,,,0.0,,,,,,2023-06-23 01:32:28.801000,,,,,,,,,,,,1.0,0.8399999737739563,,2.0,6000.0,
91,MARKET_BY_LEVEL,BID,,,14112,REPLACE,,,,,,,,,,970 HK Equity.type=MBL,,,0.0,,,,,,2023-06-23 01:32:28.801000,,,,,,,,,,,,1.0,0.8399999737739563,,1.0,2000.0,
92,MARKET_BY_LEVEL,BID,,,14112,REPLACE,,,,,,,,,,970 HK Equity.type=MBL,,,1.0,,,,,,2023-06-23 01:32:28.801000,,,,,,,,,,,,2.0,0.8299999833106995,,1.0,4000.0,
93,MARKET_BY_LEVEL,BID,,,14112,REPLACE,,,,,,,,,,970 HK Equity.type=MBL,,,0.0,,,,,,2023-06-23 01:32:28.801000,,,,,,,,,,,,3.0,0.8199999928474426,,1.0,2000.0,
94,MARKET_BY_LEVEL,BID,,,14112,REPLACE,,,,,,,,,,970 HK Equity.type=MBL,,,1.0,,,,,,2023-06-23 01:32:28.802000,,,,,,,,,,,,2.0,0.8199999928474426,,1.0,2000.0,
95,MARKET_BY_LEVEL,BID,,,14112,REPLACE_CLEAR,,,,,,,,,,970 HK Equity.type=MBL,,,0.0,,,,,,2023-06-23 01:32:28.802000,,,,,,,,,,,,3.0,0.0,,0.0,0.0,
96,MARKET_BY_LEVEL,BID,,,14112,REPLACE,,,,,,,,,,970 HK Equity.type=MBL,,,1.0,,,,,,2023-06-23 01:32:28.802000,,,,,,,,,,,,1.0,0.8500000238418579,,1.0,4000.0,
97,MARKET_BY_LEVEL,BID,,,14112,REPLACE,,,,,,,,,,970 HK Equity.type=MBL,,,1.0,,,,,,2023-06-23 01:32:28.802000,,,,,,,,,,,,2.0,0.8399999737739563,,1.0,2000.0,
98,MARKET_BY_LEVEL,BID,,,14112,REPLACE,,,,,,,,,,970 HK Equity.type=MBL,,,0.0,,,,,,2023-06-23 01:32:28.802000,,,,,,,,,,,,3.0,0.8199999928474426,,1.0,2000.0,
99,MARKET_BY_ORDER,BID,,,14112,REPLACE,,,,,,,,,,970 HK Equity.type=TOP,,,,,,,,,,,,,,,2023-06-23 01:32:28,1.0,0.8500000238418579,3646,,0.0,,,,,,
100,MARKET_BY_ORDER,BID,,,14112,REPLACE,,,,,,,,,,970 HK Equity.type=TOP,,,,,,,,,,,,,,,2023-06-23 01:32:28,2.0,0.8399999737739563,5256,,0.0,,,,,,
101,MARKET_BY_LEVEL,BID,,,14112,REPLACE,,,,,,,,,,970 HK Equity.type=MBL,,,1.0,,,,,,2023-06-23 01:32:29.387000,,,,,,,,,,,,2.0,0.8199999928474426,,1.0,2000.0,
102,MARKET_BY_LEVEL,BID,,,14112,REPLACE_CLEAR,,,,,,,,,,970 HK Equity.type=MBL,,,0.0,,,,,,2023-06-23 01:32:29.387000,,,,,,,,,,,,3.0,0.0,,0.0,0.0,
103,MARKET_BY_LEVEL,BID,,,14112,REPLACE,,,,,,,,,,970 HK Equity.type=MBL,,,1.0,,,,,,2023-06-23 01:32:29.387000,,,,,,,,,,,,2.0,0.8299999833106995,,1.0,2000.0,
104,MARKET_BY_LEVEL,BID,,,14112,REPLACE,,,,,,,,,,970 HK Equity.type=MBL,,,0.0,,,,,,2023-06-23 01:32:29.387000,,,,,,,,,,,,3.0,0.8199999928474426,,1.0,2000.0,
105,MARKET_BY_LEVEL,BID,,,14112,REPLACE,,,,,,,,,,970 HK Equity.type=MBL,,,1.0,,,,,,2023-06-23 01:32:29.388000,,,,,,,,,,,,1.0,0.8299999833106995,,1.0,2000.0,
106,MARKET_BY_LEVEL,BID,,,14112,REPLACE,,,,,,,,,,970 HK Equity.type=MBL,,,1.0,,,,,,2023-06-23 01:32:29.388000,,,,,,,,,,,,2.0,0.8199999928474426,,1.0,2000.0,
107,MARKET_BY_LEVEL,BID,,,14112,REPLACE_CLEAR,,,,,,,,,,970 HK Equity.type=MBL,,,0.0,,,,,,2023-06-23 01:32:29.388000,,,,,,,,,,,,3.0,0.0,,0.0,0.0,
108,MARKET_BY_LEVEL,BID,,,14112,REPLACE,,,,,,,,,,970 HK Equity.type=MBL,,,0.0,,,,,,2023-06-23 01:32:29.388000,,,,,,,,,,,,1.0,0.8299999833106995,,2.0,6000.0,
109,MARKET_BY_ORDER,BID,,,53714,DEL,,,,,,,,,,970 HK Equity.type=MBO,,32.0,,,,,,,,,,,,,2023-06-23 01:32:29.387000,2.0,0.8399999737739563,,,2000.0,,,,,,73135618
110,MARKET_BY_ORDER,BID,,,53714,ADD,,,,,,,,,,970 HK Equity.type=MBO,,33.0,,,,,,,,,,,,,2023-06-23 01:32:29.387000,2.0,0.8299999833106995,,,2000.0,,,,,,73349378
111,MARKET_BY_ORDER,BID,,,53714,DEL,,,,,,,,,,970 HK Equity.type=MBO,,34.0,,,,,,,,,,,,,2023-06-23 01:32:29.388000,1.0,0.8500000238418579,,,4000.0,,,,,,73136386
112,MARKET_BY_ORDER,BID,,,53714,ADD,,,,,,,,,,970 HK Equity.type=MBO,,35.0,,,,,,,,,,,,,2023-06-23 01:32:29.388000,2.0,0.8299999833106995,,,4000.0,,,,,,73349634
113,MARKET_BY_ORDER,BID,,,14112,REPLACE,,,,,,,,,,970 HK Equity.type=TOP,,,,,,,,,,,,,,,2023-06-23 01:32:29,1.0,0.8299999833106995,5256,,0.0,,,,,,
114,MARKET_BY_ORDER,BID,,,14112,REPLACE,,,,,,,,,,970 HK Equity.type=TOP,,,,,,,,,,,,,,,2023-06-23 01:32:29,2.0,0.8299999833106995,3646,,0.0,,,,,,
115,MARKET_BY_ORDER,ASK,,,53714,ADD,,,,,,,,,,970 HK Equity.type=MBO,,36.0,,,,,,,,2.0,1.0500001907348633,,,10000.0,2023-06-23 01:51:04.460000,,,,,,,,,,,356434946
116,MARKET_BY_LEVEL,ASK,,,14112,REPLACE,,,,,,,,,,970 HK Equity.type=MBL,,,0.0,2.0,1.0500001907348633,,1.0,10000.0,2023-06-23 01:51:04.460000,,,,,,,,,,,,,,,,,
117,MARKET_BY_ORDER,ASK,,,14112,REPLACE,,,,,,,,,,970 HK Equity.type=TOP,,,,,,,,,,2.0,1.0500001907348633, 298,,0.0,2023-06-23 01:51:04,,,,,,,,,,,
118,MARKET_BY_ORDER,BID,,,53714,MOD,,,,,,,,,,970 HK Equity.type=MBO,,37.0,,,,,,,,,,,,,2023-06-23 01:51:07.344000,2.0,0.8299999833106995,,,2000.0,,,,,,73349634
119,MARKET_BY_LEVEL,BID,,,14112,REPLACE,,,,,,,,,,970 HK Equity.type=MBL,,,0.0,,,,,,2023-06-23 01:51:07.344000,,,,,,,,,,,,1.0,0.8299999833106995,,2.0,4000.0,
120,MARKET_BY_ORDER,ASK,,,53714,ADD,,,,,,,,,,970 HK Equity.type=MBO,,38.0,,,,,,,,3.0,1.1000003814697266,,,10000.0,2023-06-23 01:51:14.146000,,,,,,,,,,,358988034
121,MARKET_BY_ORDER,ASK,,,14112,REPLACE,,,,,,,,,,970 HK Equity.type=TOP,,,,,,,,,,3.0,1.1000003814697266, 298,,0.0,2023-06-23 01:51:14,,,,,,,,,,,
122,MARKET_BY_LEVEL,ASK,,,14112,REPLACE,,,,,,,,,,970 HK Equity.type=MBL,,,1.0,1.0,0.8700000047683716,,1.0,2000.0,2023-06-23 02:25:45.751000,,,,,,,,,,,,,,,,,
123,MARKET_BY_LEVEL,ASK,,,14112,REPLACE,,,,,,,,,,970 HK Equity.type=MBL,,,1.0,2.0,1.0,,1.0,10000.0,2023-06-23 02:25:45.751000,,,,,,,,,,,,,,,,,
124,MARKET_BY_LEVEL,ASK,,,14112,REPLACE,,,,,,,,,,970 HK Equity.type=MBL,,,0.0,3.0,1.0500001907348633,,1.0,10000.0,2023-06-23 02:25:45.751000,,,,,,,,,,,,,,,,,
125,MARKET_BY_LEVEL,ASK,,,14112,REPLACE,,,,,,,,,,970 HK Equity.type=MBL,,,1.0,2.0,1.0500001907348633,,1.0,10000.0,2023-06-23 02:25:45.751000,,,,,,,,,,,,,,,,,
126,MARKET_BY_LEVEL,ASK,,,14112,REPLACE_CLEAR,,,,,,,,,,970 HK Equity.type=MBL,,,0.0,3.0,0.0,,0.0,0.0,2023-06-23 02:25:45.751000,,,,,,,,,,,,,,,,,
127,MARKET_BY_LEVEL,ASK,,,14112,REPLACE_CLEAR,,,,,,,,,,970 HK Equity.type=MBL,,,0.0,2.0,0.0,,0.0,0.0,2023-06-23 02:25:45.751000,,,,,,,,,,,,,,,,,
128,MARKET_BY_ORDER,ASK,,,53714,ADD,,,,,,,,,,970 HK Equity.type=MBO,,39.0,,,,,,,,1.0,0.8700000047683716,,,2000.0,2023-06-23 02:25:45.751000,,,,,,,,,,,665012482
129,MARKET_BY_ORDER,BID,,,53714,DEL,,,,,,,,,,970 HK Equity.type=MBO,,40.0,,,,,,,,,,,,,2023-06-23 02:25:45.752000,2.0,0.8299999833106995,,,2000.0,,,,,,73349634
130,MARKET_BY_ORDER,ASK,,,14112,REPLACE,,,,,,,,,,970 HK Equity.type=TOP,,,,,,,,,,1.0,0.8700000047683716,2299,,0.0,2023-06-23 02:25:45,,,,,,,,,,,
131,MARKET_BY_ORDER,ASK,,,14112,REPLACE,,,,,,,,,,970 HK Equity.type=TOP,,,,,,,,,,2.0,1.0, 298,,0.0,2023-06-23 02:25:45,,,,,,,,,,,
132,MARKET_BY_ORDER,ASK,,,14112,REPLACE,,,,,,,,,,970 HK Equity.type=TOP,,,,,,,,,,3.0,1.0500001907348633, 298,,0.0,2023-06-23 02:25:45,,,,,,,,,,,
133,MARKET_BY_ORDER,BID,,,14112,REPLACE,,,,,,,,,,970 HK Equity.type=TOP,,,,,,,,,,,,,,,2023-06-23 02:25:45,2.0,0.8199999928474426,8305,,0.0,,,,,,
134,MARKET_BY_ORDER,BID,,,14112,REPLACE,,,,,,,,,,970 HK Equity.type=TOP,,,,,,,,,,,,,,,2023-06-23 02:25:45,3.0,0.6600000262260437,1836,,0.0,,,,,,
135,MARKET_BY_ORDER,BID,,,14112,REPLACE_CLEAR,,,,,,,,,,970 HK Equity.type=TOP,,,,,,,,,,,,,,,2023-06-23 02:25:45,4.0,0.0,,,0.0,,,,,,
136,MARKET_BY_LEVEL,BID,,,14112,REPLACE,,,,,,,,,,970 HK Equity.type=MBL,,,0.0,,,,,,2023-06-23 02:25:45.752000,,,,,,,,,,,,1.0,0.8299999833106995,,1.0,2000.0,
137,MARKET_BY_ORDER,BID,,,53714,ADD,,,,,,,,,,970 HK Equity.type=MBO,,41.0,,,,,,,,,,,,,2023-06-23 02:33:10.330000,1.0,0.8700000047683716,,,2000.0,,,,,,709445634
138,MARKET_BY_ORDER,BID,,,53714,DEL,,,,,,,,,,970 HK Equity.type=MBO,,42.0,,,,,,,,,,,,,2023-06-23 02:33:10.330000,1.0,0.8700000047683716,,,2000.0,,,,,,709445634
139,MARKET_BY_ORDER,ASK,,,53714,DEL,,,,,,,,,,970 HK Equity.type=MBO,,43.0,,,,,,,,1.0,0.8700000047683716,,,2000.0,2023-06-23 02:33:10.330000,,,,,,,,,,,665012482
140,MARKET_BY_LEVEL,ASK,,,14112,REPLACE_CLEAR,,,,,,,,,,970 HK Equity.type=MBL,,,0.0,1.0,0.0,,0.0,0.0,2023-06-23 02:33:10.330000,,,,,,,,,,,,,,,,,
141,MARKET_BY_LEVEL,ASK,,,14112,REPLACE,,,,,,,,,,970 HK Equity.type=MBL,,,0.0,1.0,1.0,,1.0,10000.0,2023-06-23 02:33:10.330000,,,,,,,,,,,,,,,,,
142,MARKET_BY_LEVEL,ASK,,,14112,REPLACE,,,,,,,,,,970 HK Equity.type=MBL,,,0.0,2.0,1.0500001907348633,,1.0,10000.0,2023-06-23 02:33:10.330000,,,,,,,,,,,,,,,,,
143,MARKET_BY_LEVEL,BID,,,14112,REPLACE,,,,,,,,,,970 HK Equity.type=MBL,,,1.0,,,,,,2023-06-23 02:33:10.330000,,,,,,,,,,,,1.0,0.8399999737739563,,1.0,2000.0,
144,MARKET_BY_LEVEL,BID,,,14112,REPLACE,,,,,,,,,,970 HK Equity.type=MBL,,,1.0,,,,,,2023-06-23 02:33:10.330000,,,,,,,,,,,,2.0,0.8299999833106995,,1.0,2000.0,
145,MARKET_BY_LEVEL,BID,,,14112,REPLACE,,,,,,,,,,970 HK Equity.type=MBL,,,0.0,,,,,,2023-06-23 02:33:10.330000,,,,,,,,,,,,3.0,0.8199999928474426,,1.0,2000.0,
146,MARKET_BY_ORDER,BID,,,53714,ADD,,,,,,,,,,970 HK Equity.type=MBO,,44.0,,,,,,,,,,,,,2023-06-23 02:33:10.330000,1.0,0.8399999737739563,,,2000.0,,,,,,709445890
147,MARKET_BY_ORDER,ASK,,,14112,REPLACE,,,,,,,,,,970 HK Equity.type=TOP,,,,,,,,,,1.0,1.0, 298,,0.0,2023-06-23 02:33:10,,,,,,,,,,,
148,MARKET_BY_ORDER,ASK,,,14112,REPLACE,,,,,,,,,,970 HK Equity.type=TOP,,,,,,,,,,2.0,1.0500001907348633, 298,,0.0,2023-06-23 02:33:10,,,,,,,,,,,
149,MARKET_BY_ORDER,ASK,,,14112,REPLACE,,,,,,,,,,970 HK Equity.type=TOP,,,,,,,,,,3.0,1.1000003814697266, 298,,0.0,2023-06-23 02:33:10,,,,,,,,,,,
150,MARKET_BY_ORDER,BID,,,14112,REPLACE,,,,,,,,,,970 HK Equity.type=TOP,,,,,,,,,,,,,,,2023-06-23 02:33:10,1.0,0.8399999737739563,3646,,0.0,,,,,,
151,MARKET_BY_ORDER,BID,,,14112,REPLACE,,,,,,,,,,970 HK Equity.type=TOP,,,,,,,,,,,,,,,2023-06-23 02:33:10,2.0,0.8299999833106995,5256,,0.0,,,,,,
152,MARKET_BY_ORDER,BID,,,14112,REPLACE,,,,,,,,,,970 HK Equity.type=TOP,,,,,,,,,,,,,,,2023-06-23 02:33:10,3.0,0.8199999928474426,8305,,0.0,,,,,,
153,MARKET_BY_ORDER,BID,,,14112,REPLACE,,,,,,,,,,970 HK Equity.type=TOP,,,,,,,,,,,,,,,2023-06-23 02:33:10,4.0,0.6600000262260437,1836,,0.0,,,,,,
154,MARKET_BY_ORDER,BID,,,53714,DEL,,,,,,,,,,970 HK Equity.type=MBO,,45.0,,,,,,,,,,,,,2023-06-23 02:33:18.361000,2.0,0.8299999833106995,,,2000.0,,,,,,73349378
155,MARKET_BY_ORDER,BID,,,53714,ADD,,,,,,,,,,970 HK Equity.type=MBO,,46.0,,,,,,,,,,,,,2023-06-23 02:33:18.361000,2.0,0.8399999737739563,,,2000.0,,,,,,710137602
156,MARKET_BY_LEVEL,BID,,,14112,REPLACE,,,,,,,,,,970 HK Equity.type=MBL,,,1.0,,,,,,2023-06-23 02:33:18.361000,,,,,,,,,,,,2.0,0.8199999928474426,,1.0,2000.0,
157,MARKET_BY_LEVEL,BID,,,14112,REPLACE_CLEAR,,,,,,,,,,970 HK Equity.type=MBL,,,0.0,,,,,,2023-06-23 02:33:18.361000,,,,,,,,,,,,3.0,0.0,,0.0,0.0,
158,MARKET_BY_LEVEL,BID,,,14112,REPLACE,,,,,,,,,,970 HK Equity.type=MBL,,,0.0,,,,,,2023-06-23 02:33:18.361000,,,,,,,,,,,,1.0,0.8399999737739563,,2.0,4000.0,
159,MARKET_BY_ORDER,BID,,,53714,DEL,,,,,,,,,,970 HK Equity.type=MBO,,47.0,,,,,,,,,,,,,2023-06-23 02:33:18.361000,1.0,0.8399999737739563,,,2000.0,,,,,,709445890
160,MARKET_BY_ORDER,BID,,,53714,ADD,,,,,,,,,,970 HK Equity.type=MBO,,48.0,,,,,,,,,,,,,2023-06-23 02:33:18.361000,3.0,0.7300000190734863,,,2000.0,,,,,,710137858
161,MARKET_BY_LEVEL,BID,,,14112,REPLACE,,,,,,,,,,970 HK Equity.type=MBL,,,0.0,,,,,,2023-06-23 02:33:18.361000,,,,,,,,,,,,1.0,0.8399999737739563,,1.0,2000.0,
162,MARKET_BY_ORDER,BID,,,53714,DEL,,,,,,,,,,970 HK Equity.type=MBO,,49.0,,,,,,,,,,,,,2023-06-23 02:33:18.362000,3.0,0.7300000190734863,,,2000.0,,,,,,710137858
163,MARKET_BY_ORDER,BID,,,53714,ADD,,,,,,,,,,970 HK Equity.type=MBO,,50.0,,,,,,,,,,,,,2023-06-23 02:33:18.362000,1.0,0.8500000238418579,,,2000.0,,,,,,710138114
164,MARKET_BY_ORDER,BID,,,53714,DEL,,,,,,,,,,970 HK Equity.type=MBO,,51.0,,,,,,,,,,,,,2023-06-23 02:33:18.363000,1.0,0.8500000238418579,,,2000.0,,,,,,710138114
165,MARKET_BY_ORDER,BID,,,53714,ADD,,,,,,,,,,970 HK Equity.type=MBO,,52.0,,,,,,,,,,,,,2023-06-23 02:33:18.363000,3.0,0.7300000190734863,,,2000.0,,,,,,710138370
166,MARKET_BY_LEVEL,BID,,,14112,REPLACE,,,,,,,,,,970 HK Equity.type=MBL,,,1.0,,,,,,2023-06-23 02:33:18.362000,,,,,,,,,,,,1.0,0.8500000238418579,,1.0,2000.0,
167,MARKET_BY_LEVEL,BID,,,14112,REPLACE,,,,,,,,,,970 HK Equity.type=MBL,,,1.0,,,,,,2023-06-23 02:33:18.362000,,,,,,,,,,,,2.0,0.8399999737739563,,1.0,2000.0,
168,MARKET_BY_LEVEL,BID,,,14112,REPLACE,,,,,,,,,,970 HK Equity.type=MBL,,,0.0,,,,,,2023-06-23 02:33:18.362000,,,,,,,,,,,,3.0,0.8199999928474426,,1.0,2000.0,
169,MARKET_BY_LEVEL,BID,,,14112,REPLACE,,,,,,,,,,970 HK Equity.type=MBL,,,1.0,,,,,,2023-06-23 02:33:18.363000,,,,,,,,,,,,1.0,0.8399999737739563,,1.0,2000.0,
170,MARKET_BY_LEVEL,BID,,,14112,REPLACE,,,,,,,,,,970 HK Equity.type=MBL,,,1.0,,,,,,2023-06-23 02:33:18.363000,,,,,,,,,,,,2.0,0.8199999928474426,,1.0,2000.0,
171,MARKET_BY_LEVEL,BID,,,14112,REPLACE_CLEAR,,,,,,,,,,970 HK Equity.type=MBL,,,0.0,,,,,,2023-06-23 02:33:18.363000,,,,,,,,,,,,3.0,0.0,,0.0,0.0,
172,MARKET_BY_ORDER,BID,,,14112,REPLACE,,,,,,,,,,970 HK Equity.type=TOP,,,,,,,,,,,,,,,2023-06-23 02:33:18,1.0,0.8399999737739563,5256,,0.0,,,,,,
173,MARKET_BY_ORDER,BID,,,14112,REPLACE,,,,,,,,,,970 HK Equity.type=TOP,,,,,,,,,,,,,,,2023-06-23 02:33:18,2.0,0.8199999928474426,8305,,0.0,,,,,,
174,MARKET_BY_ORDER,BID,,,14112,REPLACE,,,,,,,,,,970 HK Equity.type=TOP,,,,,,,,,,,,,,,2023-06-23 02:33:18,3.0,0.7300000190734863,3646,,0.0,,,,,,
175,MARKET_BY_ORDER,BID,,,53714,DEL,,,,,,,,,,970 HK Equity.type=MBO,,53.0,,,,,,,,,,,,,2023-06-23 02:33:18.412000,3.0,0.7300000190734863,,,2000.0,,,,,,710138370
176,MARKET_BY_ORDER,BID,,,53714,ADD,,,,,,,,,,970 HK Equity.type=MBO,,54.0,,,,,,,,,,,,,2023-06-23 02:33:18.412000,1.0,0.8500000238418579,,,2000.0,,,,,,710140418
177,MARKET_BY_LEVEL,BID,,,14112,REPLACE,,,,,,,,,,970 HK Equity.type=MBL,,,1.0,,,,,,2023-06-23 02:33:18.412000,,,,,,,,,,,,1.0,0.8500000238418579,,1.0,2000.0,
178,MARKET_BY_LEVEL,BID,,,14112,REPLACE,,,,,,,,,,970 HK Equity.type=MBL,,,1.0,,,,,,2023-06-23 02:33:18.412000,,,,,,,,,,,,2.0,0.8399999737739563,,1.0,2000.0,
179,MARKET_BY_LEVEL,BID,,,14112,REPLACE,,,,,,,,,,970 HK Equity.type=MBL,,,0.0,,,,,,2023-06-23 02:33:18.412000,,,,,,,,,,,,3.0,0.8199999928474426,,1.0,2000.0,
180,MARKET_BY_ORDER,BID,,,14112,REPLACE,,,,,,,,,,970 HK Equity.type=TOP,,,,,,,,,,,,,,,2023-06-23 02:33:18,1.0,0.8500000238418579,3646,,0.0,,,,,,
181,MARKET_BY_ORDER,BID,,,14112,REPLACE,,,,,,,,,,970 HK Equity.type=TOP,,,,,,,,,,,,,,,2023-06-23 02:33:18,2.0,0.8399999737739563,5256,,0.0,,,,,,
182,MARKET_BY_ORDER,BID,,,14112,REPLACE,,,,,,,,,,970 HK Equity.type=TOP,,,,,,,,,,,,,,,2023-06-23 02:33:18,3.0,0.8199999928474426,8305,,0.0,,,,,,
183,MARKET_BY_ORDER,BID,,,53714,DEL,,,,,,,,,,970 HK Equity.type=MBO,,55.0,,,,,,,,,,,,,2023-06-23 02:33:19.120000,2.0,0.8399999737739563,,,2000.0,,,,,,710137602
184,MARKET_BY_ORDER,BID,,,53714,ADD,,,,,,,,,,970 HK Equity.type=MBO,,56.0,,,,,,,,,,,,,2023-06-23 02:33:19.120000,2.0,0.8299999833106995,,,2000.0,,,,,,710193410
185,MARKET_BY_ORDER,BID,,,53714,DEL,,,,,,,,,,970 HK Equity.type=MBO,,57.0,,,,,,,,,,,,,2023-06-23 02:33:19.120000,1.0,0.8500000238418579,,,2000.0,,,,,,710140418
186,MARKET_BY_LEVEL,BID,,,14112,REPLACE,,,,,,,,,,970 HK Equity.type=MBL,,,1.0,,,,,,2023-06-23 02:33:19.120000,,,,,,,,,,,,2.0,0.8199999928474426,,1.0,2000.0,
187,MARKET_BY_LEVEL,BID,,,14112,REPLACE_CLEAR,,,,,,,,,,970 HK Equity.type=MBL,,,0.0,,,,,,2023-06-23 02:33:19.120000,,,,,,,,,,,,3.0,0.0,,0.0,0.0,
188,MARKET_BY_LEVEL,BID,,,14112,REPLACE,,,,,,,,,,970 HK Equity.type=MBL,,,1.0,,,,,,2023-06-23 02:33:19.120000,,,,,,,,,,,,2.0,0.8299999833106995,,1.0,2000.0,
189,MARKET_BY_LEVEL,BID,,,14112,REPLACE,,,,,,,,,,970 HK Equity.type=MBL,,,0.0,,,,,,2023-06-23 02:33:19.120000,,,,,,,,,,,,3.0,0.8199999928474426,,1.0,2000.0,
190,MARKET_BY_ORDER,BID,,,53714,ADD,,,,,,,,,,970 HK Equity.type=MBO,,58.0,,,,,,,,,,,,,2023-06-23 02:33:19.120000,3.0,0.7300000190734863,,,2000.0,,,,,,710193666
191,MARKET_BY_ORDER,BID,,,53714,DEL,,,,,,,,,,970 HK Equity.type=MBO,,59.0,,,,,,,,,,,,,2023-06-23 02:33:19.121000,3.0,0.7300000190734863,,,2000.0,,,,,,710193666
192,MARKET_BY_LEVEL,BID,,,14112,REPLACE,,,,,,,,,,970 HK Equity.type=MBL,,,1.0,,,,,,2023-06-23 02:33:19.120000,,,,,,,,,,,,1.0,0.8299999833106995,,1.0,2000.0,
193,MARKET_BY_LEVEL,BID,,,14112,REPLACE,,,,,,,,,,970 HK Equity.type=MBL,,,1.0,,,,,,2023-06-23 02:33:19.120000,,,,,,,,,,,,2.0,0.8199999928474426,,1.0,2000.0,
194,MARKET_BY_LEVEL,BID,,,14112,REPLACE_CLEAR,,,,,,,,,,970 HK Equity.type=MBL,,,0.0,,,,,,2023-06-23 02:33:19.120000,,,,,,,,,,,,3.0,0.0,,0.0,0.0,
195,MARKET_BY_LEVEL,BID,,,14112,REPLACE,,,,,,,,,,970 HK Equity.type=MBL,,,1.0,,,,,,2023-06-23 02:33:19.121000,,,,,,,,,,,,1.0,0.8399999737739563,,1.0,2000.0,
196,MARKET_BY_LEVEL,BID,,,14112,REPLACE,,,,,,,,,,970 HK Equity.type=MBL,,,1.0,,,,,,2023-06-23 02:33:19.121000,,,,,,,,,,,,2.0,0.8299999833106995,,1.0,2000.0,
197,MARKET_BY_LEVEL,BID,,,14112,REPLACE,,,,,,,,,,970 HK Equity.type=MBL,,,0.0,,,,,,2023-06-23 02:33:19.121000,,,,,,,,,,,,3.0,0.8199999928474426,,1.0,2000.0,
198,MARKET_BY_ORDER,BID,,,53714,ADD,,,,,,,,,,970 HK Equity.type=MBO,,60.0,,,,,,,,,,,,,2023-06-23 02:33:19.121000,1.0,0.8399999737739563,,,2000.0,,,,,,710193922
199,MARKET_BY_ORDER,BID,,,14112,REPLACE,,,,,,,,,,970 HK Equity.type=TOP,,,,,,,,,,,,,,,2023-06-23 02:33:19,1.0,0.8399999737739563,3646,,0.0,,,,,,
200,MARKET_BY_ORDER,BID,,,14112,REPLACE,,,,,,,,,,970 HK Equity.type=TOP,,,,,,,,,,,,,,,2023-06-23 02:33:19,2.0,0.8299999833106995,5256,,0.0,,,,,,
201,MARKET_BY_LEVEL,ASK,,,14112,REPLACE,,,,,,,,,,970 HK Equity.type=MBL,,,0.0,1.0,1.0,,1.0,8000.0,2023-06-23 02:37:18.663000,,,,,,,,,,,,,,,,,
202,MARKET_BY_ORDER,BID,,,53714,ADD,,,,,,,,,,970 HK Equity.type=MBO,,61.0,,,,,,,,,,,,,2023-06-23 02:37:18.663000,1.0,1.0,,,2000.0,,,,,,732332802
203,MARKET_BY_ORDER,BID,,,53714,DEL,,,,,,,,,,970 HK Equity.type=MBO,,62.0,,,,,,,,,,,,,2023-06-23 02:37:18.663000,1.0,1.0,,,2000.0,,,,,,732332802
204,MARKET_BY_ORDER,ASK,,,53714,MOD,,,,,,,,,,970 HK Equity.type=MBO,,63.0,,,,,,,,1.0,1.0,,,8000.0,2023-06-23 02:37:18.663000,,,,,,,,,,,2487554
205,MARKET_BY_LEVEL,BID,,,14112,REPLACE,,,,,,,,,,970 HK Equity.type=MBL,,,1.0,,,,,,2023-06-23 02:37:54.772000,,,,,,,,,,,,1.0,0.8500000238418579,,1.0,2000.0,
206,MARKET_BY_LEVEL,BID,,,14112,REPLACE,,,,,,,,,,970 HK Equity.type=MBL,,,1.0,,,,,,2023-06-23 02:37:54.772000,,,,,,,,,,,,2.0,0.8399999737739563,,1.0,2000.0,
207,MARKET_BY_LEVEL,BID,,,14112,REPLACE,,,,,,,,,,970 HK Equity.type=MBL,,,1.0,,,,,,2023-06-23 02:37:54.772000,,,,,,,,,,,,3.0,0.8299999833106995,,1.0,2000.0,
208,MARKET_BY_LEVEL,BID,,,14112,REPLACE,,,,,,,,,,970 HK Equity.type=MBL,,,0.0,,,,,,2023-06-23 02:37:54.772000,,,,,,,,,,,,4.0,0.8199999928474426,,1.0,2000.0,
209,MARKET_BY_ORDER,BID,,,53714,ADD,,,,,,,,,,970 HK Equity.type=MBO,,64.0,,,,,,,,,,,,,2023-06-23 02:37:54.772000,1.0,0.8500000238418579,,,2000.0,,,,,,735703298
210,MARKET_BY_ORDER,BID,,,53714,DEL,,,,,,,,,,970 HK Equity.type=MBO,,65.0,,,,,,,,,,,,,2023-06-23 02:37:54.772000,2.0,0.8399999737739563,,,2000.0,,,,,,710193922
211,MARKET_BY_ORDER,BID,,,53714,ADD,,,,,,,,,,970 HK Equity.type=MBO,,66.0,,,,,,,,,,,,,2023-06-23 02:37:54.772000,1.0,0.8600000143051147,,,2000.0,,,,,,735703554
212,MARKET_BY_LEVEL,BID,,,14112,REPLACE,,,,,,,,,,970 HK Equity.type=MBL,,,1.0,,,,,,2023-06-23 02:37:54.772000,,,,,,,,,,,,2.0,0.8299999833106995,,1.0,2000.0,
213,MARKET_BY_LEVEL,BID,,,14112,REPLACE,,,,,,,,,,970 HK Equity.type=MBL,,,1.0,,,,,,2023-06-23 02:37:54.772000,,,,,,,,,,,,3.0,0.8199999928474426,,1.0,2000.0,
214,MARKET_BY_LEVEL,BID,,,14112,REPLACE_CLEAR,,,,,,,,,,970 HK Equity.type=MBL,,,0.0,,,,,,2023-06-23 02:37:54.772000,,,,,,,,,,,,4.0,0.0,,0.0,0.0,
215,MARKET_BY_LEVEL,BID,,,14112,REPLACE,,,,,,,,,,970 HK Equity.type=MBL,,,1.0,,,,,,2023-06-23 02:37:54.772000,,,,,,,,,,,,1.0,0.8600000143051147,,1.0,2000.0,
216,MARKET_BY_LEVEL,BID,,,14112,REPLACE,,,,,,,,,,970 HK Equity.type=MBL,,,1.0,,,,,,2023-06-23 02:37:54.772000,,,,,,,,,,,,2.0,0.8500000238418579,,1.0,2000.0,
217,MARKET_BY_LEVEL,BID,,,14112,REPLACE,,,,,,,,,,970 HK Equity.type=MBL,,,1.0,,,,,,2023-06-23 02:37:54.772000,,,,,,,,,,,,3.0,0.8299999833106995,,1.0,2000.0,
218,MARKET_BY_LEVEL,BID,,,14112,REPLACE,,,,,,,,,,970 HK Equity.type=MBL,,,0.0,,,,,,2023-06-23 02:37:54.772000,,,,,,,,,,,,4.0,0.8199999928474426,,1.0,2000.0,
219,MARKET_BY_ORDER,BID,,,14112,REPLACE,,,,,,,,,,970 HK Equity.type=TOP,,,,,,,,,,,,,,,2023-06-23 02:37:54,1.0,0.8600000143051147,3646,,0.0,,,,,,
220,MARKET_BY_ORDER,BID,,,14112,REPLACE,,,,,,,,,,970 HK Equity.type=TOP,,,,,,,,,,,,,,,2023-06-23 02:37:54,2.0,0.8500000238418579,4858,,0.0,,,,,,
221,MARKET_BY_ORDER,BID,,,14112,REPLACE,,,,,,,,,,970 HK Equity.type=TOP,,,,,,,,,,,,,,,2023-06-23 02:37:54,3.0,0.8299999833106995,5256,,0.0,,,,,,
222,MARKET_BY_ORDER,BID,,,14112,REPLACE,,,,,,,,,,970 HK Equity.type=TOP,,,,,,,,,,,,,,,2023-06-23 02:37:54,4.0,0.8199999928474426,8305,,0.0,,,,,,
223,MARKET_BY_ORDER,BID,,,14112,REPLACE,,,,,,,,,,970 HK Equity.type=TOP,,,,,,,,,,,,,,,2023-06-23 02:37:57,2.0,0.8399999737739563,4858,,0.0,,,,,,
224,MARKET_BY_LEVEL,BID,,,14112,REPLACE,,,,,,,,,,970 HK Equity.type=MBL,,,1.0,,,,,,2023-06-23 02:37:57.388000,,,,,,,,,,,,2.0,0.8299999833106995,,1.0,2000.0,
225,MARKET_BY_LEVEL,BID,,,14112,REPLACE,,,,,,,,,,970 HK Equity.type=MBL,,,1.0,,,,,,2023-06-23 02:37:57.388000,,,,,,,,,,,,3.0,0.8199999928474426,,1.0,2000.0,
226,MARKET_BY_LEVEL,BID,,,14112,REPLACE_CLEAR,,,,,,,,,,970 HK Equity.type=MBL,,,0.0,,,,,,2023-06-23 02:37:57.388000,,,,,,,,,,,,4.0,0.0,,0.0,0.0,
227,MARKET_BY_LEVEL,BID,,,14112,REPLACE,,,,,,,,,,970 HK Equity.type=MBL,,,1.0,,,,,,2023-06-23 02:37:57.388000,,,,,,,,,,,,2.0,0.8399999737739563,,1.0,2000.0,
228,MARKET_BY_LEVEL,BID,,,14112,REPLACE,,,,,,,,,,970 HK Equity.type=MBL,,,1.0,,,,,,2023-06-23 02:37:57.388000,,,,,,,,,,,,3.0,0.8299999833106995,,1.0,2000.0,
229,MARKET_BY_LEVEL,BID,,,14112,REPLACE,,,,,,,,,,970 HK Equity.type=MBL,,,0.0,,,,,,2023-06-23 02:37:57.388000,,,,,,,,,,,,4.0,0.8199999928474426,,1.0,2000.0,
230,MARKET_BY_ORDER,BID,,,53714,DEL,,,,,,,,,,970 HK Equity.type=MBO,,67.0,,,,,,,,,,,,,2023-06-23 02:37:57.388000,2.0,0.8500000238418579,,,2000.0,,,,,,735703298
231,MARKET_BY_LEVEL,BID,,,14112,REPLACE,,,,,,,,,,970 HK Equity.type=MBL,,,1.0,,,,,,2023-06-23 02:37:57.388000,,,,,,,,,,,,1.0,0.8399999737739563,,1.0,2000.0,
232,MARKET_BY_LEVEL,BID,,,14112,REPLACE,,,,,,,,,,970 HK Equity.type=MBL,,,1.0,,,,,,2023-06-23 02:37:57.388000,,,,,,,,,,,,2.0,0.8299999833106995,,1.0,2000.0,
233,MARKET_BY_LEVEL,BID,,,14112,REPLACE,,,,,,,,,,970 HK Equity.type=MBL,,,1.0,,,,,,2023-06-23 02:37:57.388000,,,,,,,,,,,,3.0,0.8199999928474426,,1.0,2000.0,
234,MARKET_BY_LEVEL,BID,,,14112,REPLACE_CLEAR,,,,,,,,,,970 HK Equity.type=MBL,,,0.0,,,,,,2023-06-23 02:37:57.388000,,,,,,,,,,,,4.0,0.0,,0.0,0.0,
235,MARKET_BY_ORDER,BID,,,53714,ADD,,,,,,,,,,970 HK Equity.type=MBO,,68.0,,,,,,,,,,,,,2023-06-23 02:37:57.388000,2.0,0.8399999737739563,,,2000.0,,,,,,735976450
236,MARKET_BY_ORDER,BID,,,53714,DEL,,,,,,,,,,970 HK Equity.type=MBO,,69.0,,,,,,,,,,,,,2023-06-23 02:37:57.388000,1.0,0.8600000143051147,,,2000.0,,,,,,735703554
237,MARKET_BY_ORDER,BID,,,53714,ADD,,,,,,,,,,970 HK Equity.type=MBO,,70.0,,,,,,,,,,,,,2023-06-23 02:37:57.388000,2.0,0.8399999737739563,,,2000.0,,,,,,735976706
238,MARKET_BY_LEVEL,BID,,,14112,REPLACE,,,,,,,,,,970 HK Equity.type=MBL,,,0.0,,,,,,2023-06-23 02:37:57.388000,,,,,,,,,,,,1.0,0.8399999737739563,,2.0,4000.0,
239,MARKET_BY_ORDER,BID,,,53714,ADD,,,,,,,,,,970 HK Equity.type=MBO,,71.0,,,,,,,,,,,,,2023-06-23 02:37:57.389000,1.0,0.8500000238418579,,,4000.0,,,,,,735976962
240,MARKET_BY_ORDER,BID,,,53714,DEL,,,,,,,,,,970 HK Equity.type=MBO,,72.0,,,,,,,,,,,,,2023-06-23 02:37:57.390000,3.0,0.8399999737739563,,,2000.0,,,,,,735976706
241,MARKET_BY_ORDER,BID,,,53714,ADD,,,,,,,,,,970 HK Equity.type=MBO,,73.0,,,,,,,,,,,,,2023-06-23 02:37:57.390000,1.0,0.8600000143051147,,,4000.0,,,,,,735977218
242,MARKET_BY_LEVEL,BID,,,14112,REPLACE,,,,,,,,,,970 HK Equity.type=MBL,,,1.0,,,,,,2023-06-23 02:37:57.389000,,,,,,,,,,,,1.0,0.8500000238418579,,1.0,4000.0,
243,MARKET_BY_LEVEL,BID,,,14112,REPLACE,,,,,,,,,,970 HK Equity.type=MBL,,,1.0,,,,,,2023-06-23 02:37:57.389000,,,,,,,,,,,,2.0,0.8399999737739563,,2.0,4000.0,
244,MARKET_BY_LEVEL,BID,,,14112,REPLACE,,,,,,,,,,970 HK Equity.type=MBL,,,1.0,,,,,,2023-06-23 02:37:57.389000,,,,,,,,,,,,3.0,0.8299999833106995,,1.0,2000.0,
245,MARKET_BY_LEVEL,BID,,,14112,REPLACE,,,,,,,,,,970 HK Equity.type=MBL,,,0.0,,,,,,2023-06-23 02:37:57.389000,,,,,,,,,,,,4.0,0.8199999928474426,,1.0,2000.0,
246,MARKET_BY_LEVEL,BID,,,14112,REPLACE,,,,,,,,,,970 HK Equity.type=MBL,,,0.0,,,,,,2023-06-23 02:37:57.390000,,,,,,,,,,,,2.0,0.8399999737739563,,1.0,2000.0,
247,MARKET_BY_LEVEL,BID,,,14112,REPLACE,,,,,,,,,,970 HK Equity.type=MBL,,,1.0,,,,,,2023-06-23 02:37:57.390000,,,,,,,,,,,,1.0,0.8600000143051147,,1.0,4000.0,
248,MARKET_BY_LEVEL,BID,,,14112,REPLACE,,,,,,,,,,970 HK Equity.type=MBL,,,1.0,,,,,,2023-06-23 02:37:57.390000,,,,,,,,,,,,2.0,0.8500000238418579,,1.0,4000.0,
249,MARKET_BY_LEVEL,BID,,,14112,REPLACE,,,,,,,,,,970 HK Equity.type=MBL,,,1.0,,,,,,2023-06-23 02:37:57.390000,,,,,,,,,,,,3.0,0.8399999737739563,,1.0,2000.0,
250,MARKET_BY_LEVEL,BID,,,14112,REPLACE,,,,,,,,,,970 HK Equity.type=MBL,,,1.0,,,,,,2023-06-23 02:37:57.390000,,,,,,,,,,,,4.0,0.8299999833106995,,1.0,2000.0,
251,MARKET_BY_LEVEL,BID,,,14112,REPLACE,,,,,,,,,,970 HK Equity.type=MBL,,,0.0,,,,,,2023-06-23 02:37:57.390000,,,,,,,,,,,,5.0,0.8199999928474426,,1.0,2000.0,
252,MARKET_BY_ORDER,BID,,,14112,REPLACE,,,,,,,,,,970 HK Equity.type=TOP,,,,,,,,,,,,,,,2023-06-23 02:37:57,2.0,0.8500000238418579,1677,,0.0,,,,,,
253,MARKET_BY_ORDER,BID,,,14112,REPLACE,,,,,,,,,,970 HK Equity.type=TOP,,,,,,,,,,,,,,,2023-06-23 02:37:57,3.0,0.8399999737739563,4858,,0.0,,,,,,
254,MARKET_BY_ORDER,BID,,,14112,REPLACE,,,,,,,,,,970 HK Equity.type=TOP,,,,,,,,,,,,,,,2023-06-23 02:37:57,4.0,0.8299999833106995,5256,,0.0,,,,,,
255,MARKET_BY_ORDER,BID,,,14112,REPLACE,,,,,,,,,,970 HK Equity.type=TOP,,,,,,,,,,,,,,,2023-06-23 02:37:57,5.0,0.8199999928474426,8305,,0.0,,,,,,
256,MARKET_BY_LEVEL,BID,,,14112,REPLACE,,,,,,,,,,970 HK Equity.type=MBL,,,1.0,,,,,,2023-06-23 02:37:58.650000,,,,,,,,,,,,3.0,0.8299999833106995,,1.0,2000.0,
257,MARKET_BY_LEVEL,BID,,,14112,REPLACE,,,,,,,,,,970 HK Equity.type=MBL,,,1.0,,,,,,2023-06-23 02:37:58.650000,,,,,,,,,,,,4.0,0.8199999928474426,,1.0,2000.0,
258,MARKET_BY_LEVEL,BID,,,14112,REPLACE_CLEAR,,,,,,,,,,970 HK Equity.type=MBL,,,0.0,,,,,,2023-06-23 02:37:58.650000,,,,,,,,,,,,5.0,0.0,,0.0,0.0,
259,MARKET_BY_ORDER,BID,,,53714,DEL,,,,,,,,,,970 HK Equity.type=MBO,,74.0,,,,,,,,,,,,,2023-06-23 02:37:58.650000,3.0,0.8399999737739563,,,2000.0,,,,,,735976450
260,MARKET_BY_LEVEL,BID,,,14112,REPLACE,,,,,,,,,,970 HK Equity.type=MBL,,,0.0,,,,,,2023-06-23 02:37:58.651000,,,,,,,,,,,,1.0,0.8600000143051147,,1.0,2000.0,
261,MARKET_BY_ORDER,BID,,,53714,MOD,,,,,,,,,,970 HK Equity.type=MBO,,75.0,,,,,,,,,,,,,2023-06-23 02:37:58.651000,1.0,0.8600000143051147,,,2000.0,,,,,,735977218
262,MARKET_BY_ORDER,BID,,,14112,REPLACE,,,,,,,,,,970 HK Equity.type=TOP,,,,,,,,,,,,,,,2023-06-23 02:37:58,3.0,0.8299999833106995,5256,,0.0,,,,,,
263,MARKET_BY_ORDER,BID,,,14112,REPLACE,,,,,,,,,,970 HK Equity.type=TOP,,,,,,,,,,,,,,,2023-06-23 02:37:58,4.0,0.8199999928474426,8305,,0.0,,,,,,
264,MARKET_BY_ORDER,BID,,,14112,REPLACE_CLEAR,,,,,,,,,,970 HK Equity.type=TOP,,,,,,,,,,,,,,,2023-06-23 02:37:58,5.0,0.0,,,0.0,,,,,,
265,MARKET_BY_ORDER,BID,,,53714,DEL,,,,,,,,,,970 HK Equity.type=MBO,,76.0,,,,,,,,,,,,,2023-06-23 02:38:11.844000,1.0,0.8600000143051147,,,2000.0,,,,,,735977218
266,MARKET_BY_ORDER,BID,,,53714,ADD,,,,,,,,,,970 HK Equity.type=MBO,,77.0,,,,,,,,,,,,,2023-06-23 02:38:11.844000,1.0,0.8600000143051147,,,4000.0,,,,,,738316802
267,MARKET_BY_LEVEL,BID,,,14112,REPLACE,,,,,,,,,,970 HK Equity.type=MBL,,,1.0,,,,,,2023-06-23 02:38:11.844000,,,,,,,,,,,,1.0,0.8500000238418579,,1.0,4000.0,
268,MARKET_BY_LEVEL,BID,,,14112,REPLACE,,,,,,,,,,970 HK Equity.type=MBL,,,1.0,,,,,,2023-06-23 02:38:11.844000,,,,,,,,,,,,2.0,0.8299999833106995,,1.0,2000.0,
269,MARKET_BY_LEVEL,BID,,,14112,REPLACE,,,,,,,,,,970 HK Equity.type=MBL,,,1.0,,,,,,2023-06-23 02:38:11.844000,,,,,,,,,,,,3.0,0.8199999928474426,,1.0,2000.0,
270,MARKET_BY_LEVEL,BID,,,14112,REPLACE_CLEAR,,,,,,,,,,970 HK Equity.type=MBL,,,0.0,,,,,,2023-06-23 02:38:11.844000,,,,,,,,,,,,4.0,0.0,,0.0,0.0,
271,MARKET_BY_LEVEL,BID,,,14112,REPLACE,,,,,,,,,,970 HK Equity.type=MBL,,,1.0,,,,,,2023-06-23 02:38:11.844000,,,,,,,,,,,,1.0,0.8600000143051147,,1.0,4000.0,
272,MARKET_BY_LEVEL,BID,,,14112,REPLACE,,,,,,,,,,970 HK Equity.type=MBL,,,1.0,,,,,,2023-06-23 02:38:11.844000,,,,,,,,,,,,2.0,0.8500000238418579,,1.0,4000.0,
273,MARKET_BY_LEVEL,BID,,,14112,REPLACE,,,,,,,,,,970 HK Equity.type=MBL,,,1.0,,,,,,2023-06-23 02:38:11.844000,,,,,,,,,,,,3.0,0.8299999833106995,,1.0,2000.0,
274,MARKET_BY_LEVEL,BID,,,14112,REPLACE,,,,,,,,,,970 HK Equity.type=MBL,,,0.0,,,,,,2023-06-23 02:38:11.844000,,,,,,,,,,,,4.0,0.8199999928474426,,1.0,2000.0,
